Symbol,Date,Open,High,Low,Close,Adjusted_Close,Volume
AAPL,1/2/2019,154.889999,158.850006,154.229996,157.919998,155.214005,37039700
AAPL,1/3/2019,143.979996,145.720001,142,142.190002,139.75354,91312200
AAPL,1/4/2019,144.529999,148.550003,143.800003,148.259995,145.719513,58607100
AAPL,1/7/2019,148.699997,148.830002,145.899994,147.929993,145.395203,54777800
AAPL,1/8/2019,149.559998,151.820007,148.520004,150.75,148.16687,41025300
AAPL,1/9/2019,151.289993,154.529999,149.630005,153.309998,150.682983,45099100
AAPL,1/10/2019,152.5,153.970001,150.860001,153.800003,151.164627,35780700
AAPL,1/11/2019,152.880005,153.699997,151.509995,152.289993,149.680466,27023200
AAPL,1/14/2019,150.850006,151.270004,149.220001,150,147.429718,32439200
AAPL,1/15/2019,150.270004,153.389999,150.050003,153.070007,150.447128,28710900
AAPL,1/16/2019,153.080002,155.880005,153,154.940002,152.28508,30569700
AAPL,1/17/2019,154.199997,157.660004,153.259995,155.860001,153.189301,29821200
AAPL,1/18/2019,157.5,157.880005,155.979996,156.820007,154.132858,33751000
AAPL,1/22/2019,156.410004,156.729996,152.619995,153.300003,150.673172,30394000
AAPL,1/23/2019,154.149994,155.139999,151.699997,153.919998,151.282547,23130600
AAPL,1/24/2019,154.110001,154.479996,151.740005,152.699997,150.083435,25441500
AAPL,1/25/2019,155.479996,158.130005,154.320007,157.759995,155.056747,33535500
AAPL,1/28/2019,155.789993,156.330002,153.660004,156.300003,153.621765,26192100
AAPL,1/29/2019,156.25,158.130005,154.110001,154.679993,152.02951,41587200
AAPL,1/30/2019,163.25,166.149994,160.229996,165.25,162.418411,61109800
AAPL,1/31/2019,166.110001,169,164.559998,166.440002,163.587997,40739600
AAPL,2/1/2019,166.960007,168.979996,165.929993,166.520004,163.666641,32668100
AAPL,2/4/2019,167.410004,171.660004,167.279999,171.25,168.315582,31495500
AAPL,2/5/2019,172.860001,175.080002,172.350006,174.179993,171.195389,36101600
AAPL,2/6/2019,174.649994,175.570007,172.850006,174.240005,171.254364,28239600
AAPL,2/7/2019,172.399994,173.940002,170.339996,170.940002,168.01091,31741700
AAPL,2/8/2019,168.990005,170.660004,168.419998,170.410004,168.208328,23820000
AAPL,2/11/2019,171.050003,171.210007,169.25,169.429993,167.240967,20993400
AAPL,2/12/2019,170.100006,171,169.699997,170.889999,168.682114,22283500
AAPL,2/13/2019,171.389999,172.479996,169.919998,170.179993,167.981277,22490200
AAPL,2/14/2019,169.710007,171.259995,169.380005,170.800003,168.593292,21835700
AAPL,2/15/2019,171.25,171.699997,169.75,170.419998,168.218201,24626800
AAPL,2/19/2019,169.710007,171.440002,169.490005,170.929993,168.721588,18972800
AAPL,2/20/2019,171.190002,173.320007,170.990005,172.029999,169.807388,26114400
AAPL,2/21/2019,171.800003,172.369995,170.300003,171.059998,168.84993,17249700
AAPL,2/22/2019,171.580002,173,171.380005,172.970001,170.735229,18913200
AAPL,2/25/2019,174.160004,175.869995,173.949997,174.229996,171.978958,21873400
AAPL,2/26/2019,173.710007,175.300003,173.169998,174.330002,172.077667,17070200
AAPL,2/27/2019,173.210007,175,172.729996,174.869995,172.610687,27835400
AAPL,2/28/2019,174.320007,174.910004,172.919998,173.149994,170.912918,28215400
AAPL,3/1/2019,174.279999,175.149994,172.889999,174.970001,172.709381,25886200
AAPL,3/4/2019,175.690002,177.75,173.970001,175.850006,173.578033,27436200
AAPL,3/5/2019,175.940002,176,174.539993,175.529999,173.262161,19737400
AAPL,3/6/2019,174.669998,175.490005,173.940002,174.520004,172.265228,20810400
AAPL,3/7/2019,173.869995,174.440002,172.020004,172.5,170.271317,24796400
AAPL,3/8/2019,170.320007,173.070007,169.5,172.910004,170.676025,23999400
AAPL,3/11/2019,175.490005,179.119995,175.350006,178.899994,176.588608,32011000
AAPL,3/12/2019,180,182.669998,179.369995,180.910004,178.572662,32467600
AAPL,3/13/2019,182.25,183.300003,180.919998,181.710007,179.36232,31032500
AAPL,3/14/2019,183.899994,184.100006,182.559998,183.729996,181.356216,23579500
AAPL,3/15/2019,184.850006,187.330002,183.740005,186.119995,183.715332,39042900
AAPL,3/18/2019,185.800003,188.389999,185.789993,188.020004,185.590805,26219800
AAPL,3/19/2019,188.350006,188.990005,185.919998,186.529999,184.120056,31646400
AAPL,3/20/2019,186.229996,189.490005,184.729996,188.160004,185.728989,31035200
AAPL,3/21/2019,190.020004,196.330002,189.809998,195.089996,192.569427,51034200
AAPL,3/22/2019,195.339996,197.690002,190.779999,191.050003,188.58165,42407700
AAPL,3/25/2019,191.509995,191.979996,186.600006,188.740005,186.301483,43845300
AAPL,3/26/2019,191.660004,192.880005,184.580002,186.789993,184.376678,49800500
AAPL,3/27/2019,188.75,189.759995,186.550003,188.470001,186.034973,29848400
AAPL,3/28/2019,188.949997,189.559998,187.529999,188.720001,186.281738,20780400
AAPL,3/29/2019,189.830002,190.080002,188.539993,189.949997,187.495865,23564000
AAPL,4/1/2019,191.639999,191.679993,188.380005,191.240005,188.769211,27862000
AAPL,4/2/2019,191.089996,194.460007,191.050003,194.020004,191.51329,22765700
AAPL,4/3/2019,193.25,196.5,193.149994,195.350006,192.826111,23271800
AAPL,4/4/2019,194.789993,196.369995,193.139999,195.690002,193.161682,19114300
AAPL,4/5/2019,196.449997,197.100006,195.929993,197,194.454758,18526600
AAPL,4/8/2019,196.419998,200.229996,196.339996,200.100006,197.514709,25881700
AAPL,4/9/2019,200.320007,202.850006,199.229996,199.5,196.92247,35768200
AAPL,4/10/2019,198.679993,200.740005,198.179993,200.619995,198.027985,21695300
AAPL,4/11/2019,200.850006,201,198.440002,198.949997,196.379578,20900800
AAPL,4/12/2019,199.199997,200.139999,196.210007,198.869995,196.300613,27760700
AAPL,4/15/2019,198.580002,199.850006,198.009995,199.229996,196.65596,17536600
AAPL,4/16/2019,199.460007,201.369995,198.559998,199.25,196.675705,25696400
AAPL,4/17/2019,199.539993,203.380005,198.610001,203.130005,200.505585,28906800
AAPL,4/18/2019,203.119995,204.149994,202.520004,203.860001,201.226151,24195800
AAPL,4/22/2019,202.830002,204.940002,202.339996,204.529999,201.887497,19439500
AAPL,4/23/2019,204.429993,207.75,203.899994,207.479996,204.799362,23323000
AAPL,4/24/2019,207.360001,208.479996,207.050003,207.160004,204.483505,17540600
AAPL,4/25/2019,206.830002,207.759995,205.119995,205.279999,202.627808,18543200
AAPL,4/26/2019,204.899994,205,202.119995,204.300003,201.660461,18649100
AAPL,4/29/2019,204.399994,205.970001,203.860001,204.610001,201.966461,22204700
AAPL,4/30/2019,203.059998,203.399994,199.110001,200.669998,198.077362,46534900
AAPL,5/1/2019,209.880005,215.309998,209.229996,210.520004,207.80011,64827300
AAPL,5/2/2019,209.839996,212.649994,208.130005,209.149994,206.4478,31996300
AAPL,5/3/2019,210.889999,211.839996,210.229996,211.75,209.014221,20892400
AAPL,5/6/2019,204.289993,208.839996,203.5,208.479996,205.786469,32443100
AAPL,5/7/2019,205.880005,207.419998,200.830002,202.860001,200.239075,38763700
AAPL,5/8/2019,201.899994,205.339996,201.75,202.899994,200.278534,26339500
AAPL,5/9/2019,200.399994,201.679993,196.660004,200.720001,198.126709,34908600
AAPL,5/10/2019,197.419998,198.850006,192.770004,197.179993,195.381973,41208700
AAPL,5/13/2019,187.710007,189.479996,182.850006,185.720001,184.026489,57430600
AAPL,5/14/2019,186.410004,189.699997,185.410004,188.660004,186.939667,36529700
AAPL,5/15/2019,186.270004,191.75,186.020004,190.919998,189.179062,26544700
AAPL,5/16/2019,189.910004,192.470001,188.839996,190.080002,188.346725,33031400
AAPL,5/17/2019,186.929993,190.899994,186.759995,189,187.276581,32879100
AAPL,5/20/2019,183.520004,184.350006,180.279999,183.089996,181.420471,38612300
AAPL,5/21/2019,185.220001,188,184.699997,186.600006,184.898468,28364800
AAPL,5/22/2019,184.660004,185.710007,182.550003,182.779999,181.113281,29748600
AAPL,5/23/2019,179.800003,180.539993,177.809998,179.660004,178.021744,36529700
AAPL,5/24/2019,180.199997,182.139999,178.619995,178.970001,177.338043,23714700
AAPL,5/28/2019,178.919998,180.589996,177.910004,178.229996,176.604782,27948200
AAPL,5/29/2019,176.419998,179.350006,176,177.380005,175.762527,28481200
AAPL,5/30/2019,177.949997,179.229996,176.669998,178.300003,176.674149,21218400
AAPL,5/31/2019,176.229996,177.990005,174.990005,175.070007,173.473602,27043600
AAPL,6/3/2019,175.600006,177.919998,170.270004,173.300003,171.719727,40396100
AAPL,6/4/2019,175.440002,179.830002,174.520004,179.639999,178.001923,30968000
AAPL,6/5/2019,184.279999,184.990005,181.139999,182.539993,180.875458,29773400
AAPL,6/6/2019,183.080002,185.470001,182.149994,185.220001,183.531036,22526300
AAPL,6/7/2019,186.509995,191.919998,185.770004,190.149994,188.416077,30684400
AAPL,6/10/2019,191.809998,195.369995,191.619995,192.580002,190.823929,26220900
AAPL,6/11/2019,194.860001,196,193.600006,194.809998,193.033585,26932900
AAPL,6/12/2019,193.949997,195.970001,193.389999,194.190002,192.41925,18221800
AAPL,6/13/2019,194.699997,196.789993,193.600006,194.149994,192.379593,21674600
AAPL,6/14/2019,191.550003,193.589996,190.300003,192.740005,190.982468,18761500
AAPL,6/17/2019,192.899994,194.960007,192.169998,193.889999,192.121979,14669100
AAPL,6/18/2019,196.050003,200.289993,195.210007,198.449997,196.640396,26551000
AAPL,6/19/2019,199.679993,199.880005,197.309998,197.869995,196.065689,21124200
AAPL,6/20/2019,200.369995,200.610001,198.029999,199.460007,197.64119,21514000
AAPL,6/21/2019,198.800003,200.850006,198.149994,198.779999,196.967377,47800600
AAPL,6/24/2019,198.539993,200.160004,198.169998,198.580002,196.769211,18220400
AAPL,6/25/2019,198.429993,199.259995,195.289993,195.570007,193.786667,21070300
AAPL,6/26/2019,197.770004,200.990005,197.350006,199.800003,197.978088,26067500
AAPL,6/27/2019,200.289993,201.570007,199.570007,199.740005,197.91864,20899700
AAPL,6/28/2019,198.679993,199.5,197.050003,197.919998,196.115219,31110600
AAPL,7/1/2019,203.169998,204.490005,200.649994,201.550003,199.712143,27316700
AAPL,7/2/2019,201.410004,203.130005,201.360001,202.729996,200.881363,16935200
AAPL,7/3/2019,203.279999,204.440002,202.690002,204.410004,202.546051,11362000
AAPL,7/5/2019,203.350006,205.080002,202.899994,204.229996,202.367676,17265500
AAPL,7/8/2019,200.809998,201.399994,198.410004,200.020004,198.196075,25338600
AAPL,7/9/2019,199.199997,201.509995,198.809998,201.240005,199.404968,20578000
AAPL,7/10/2019,201.850006,203.729996,201.559998,203.229996,201.376816,17897100
AAPL,7/11/2019,203.309998,204.389999,201.710007,201.75,199.910309,20191800
AAPL,7/12/2019,202.449997,204,202.199997,203.300003,201.446182,17595200
AAPL,7/15/2019,204.089996,205.869995,204,205.210007,203.33876,16947400
AAPL,7/16/2019,204.589996,206.110001,203.5,204.5,202.635223,16866800
AAPL,7/17/2019,204.050003,205.089996,203.270004,203.350006,201.495712,14107500
AAPL,7/18/2019,204,205.880005,203.699997,205.660004,203.784653,18582200
AAPL,7/19/2019,205.789993,206.5,202.360001,202.589996,200.742645,20929300
AAPL,7/22/2019,203.649994,207.229996,203.610001,207.220001,205.330429,22277900
AAPL,7/23/2019,208.460007,208.910004,207.289993,208.839996,206.935638,18355200
AAPL,7/24/2019,207.669998,209.149994,207.169998,208.669998,206.767212,14991600
AAPL,7/25/2019,208.889999,209.240005,206.729996,207.020004,205.132263,13909600
AAPL,7/26/2019,207.479996,209.729996,207.139999,207.740005,205.845688,17618900
AAPL,7/29/2019,208.460007,210.639999,208.440002,209.679993,207.76799,21673400
AAPL,7/30/2019,208.759995,210.160004,207.309998,208.779999,206.87619,33935700
AAPL,7/31/2019,216.419998,221.369995,211.300003,213.039993,211.097366,69281400
AAPL,8/1/2019,213.899994,218.029999,206.740005,208.429993,206.529373,54017900
AAPL,8/2/2019,205.529999,206.429993,201.630005,204.020004,202.159607,40862100
AAPL,8/5/2019,197.990005,198.649994,192.580002,193.339996,191.576981,52393000
AAPL,8/6/2019,196.309998,198.070007,194.039993,197,195.203613,35824800
AAPL,8/7/2019,195.410004,199.559998,193.820007,199.039993,197.225006,33364400
AAPL,8/8/2019,200.199997,203.529999,199.389999,203.429993,201.574982,27009500
AAPL,8/9/2019,201.300003,202.759995,199.289993,200.990005,199.913925,24619700
AAPL,8/12/2019,199.619995,202.050003,199.149994,200.479996,199.406647,22474900
AAPL,8/13/2019,201.020004,212.139999,200.479996,208.970001,207.851212,47218500
AAPL,8/14/2019,203.160004,206.440002,202.589996,202.75,201.664505,36547400
AAPL,8/15/2019,203.460007,205.139999,199.669998,201.740005,200.659912,27227400
AAPL,8/16/2019,204.279999,207.160004,203.839996,206.5,205.394424,27620400
AAPL,8/19/2019,210.619995,212.729996,210.029999,210.350006,209.223816,24413600
AAPL,8/20/2019,210.880005,213.350006,210.320007,210.360001,209.233765,26884300
AAPL,8/21/2019,212.990005,213.649994,211.600006,212.639999,211.501556,21535400
AAPL,8/22/2019,213.190002,214.440002,210.75,212.460007,211.322525,22253700
AAPL,8/23/2019,209.429993,212.050003,201,202.639999,201.555099,46818000
AAPL,8/26/2019,205.860001,207.190002,205.059998,206.490005,205.384476,26043600
AAPL,8/27/2019,207.860001,208.550003,203.529999,204.160004,203.066956,25873300
AAPL,8/28/2019,204.100006,205.720001,203.320007,205.529999,204.429626,15938800
AAPL,8/29/2019,208.5,209.320007,206.660004,209.009995,207.890976,20990500
AAPL,8/30/2019,210.160004,210.449997,207.199997,208.740005,207.622437,21143400
AAPL,9/3/2019,206.429993,206.979996,204.220001,205.699997,204.598694,20023000
AAPL,9/4/2019,208.389999,209.479996,207.320007,209.190002,208.070038,19188100
AAPL,9/5/2019,212,213.970001,211.509995,213.279999,212.138123,23913700
AAPL,9/6/2019,214.050003,214.419998,212.509995,213.259995,212.118225,19350800
AAPL,9/9/2019,214.839996,216.440002,211.070007,214.169998,213.023361,27309400
AAPL,9/10/2019,213.860001,216.779999,211.710007,216.699997,215.53981,31777900
AAPL,9/11/2019,218.070007,223.710007,217.729996,223.589996,222.392929,44289600
AAPL,9/12/2019,224.800003,226.419998,222.860001,223.089996,221.895599,32226700
AAPL,9/13/2019,220,220.789993,217.020004,218.75,217.578842,39763300
AAPL,9/16/2019,217.729996,220.130005,217.559998,219.899994,218.722687,21158100
AAPL,9/17/2019,219.960007,220.820007,219.119995,220.699997,219.518402,18318700
AAPL,9/18/2019,221.059998,222.850006,219.440002,222.770004,221.577332,25340000
AAPL,9/19/2019,222.009995,223.759995,220.369995,220.960007,219.777023,22060600
AAPL,9/20/2019,221.380005,222.559998,217.470001,217.729996,216.564285,55413100
AAPL,9/23/2019,218.949997,219.839996,217.649994,218.720001,217.548996,19165500
AAPL,9/24/2019,221.029999,222.490005,217.190002,217.679993,216.514557,31190800
AAPL,9/25/2019,218.550003,221.5,217.139999,221.029999,219.846634,21903400
AAPL,9/26/2019,220,220.940002,218.830002,219.889999,218.712738,18833500
AAPL,9/27/2019,220.539993,220.960007,217.279999,218.820007,217.648483,25352000
AAPL,9/30/2019,220.899994,224.580002,220.789993,223.970001,222.770889,25977400
AAPL,10/1/2019,225.070007,228.220001,224.199997,224.589996,223.387573,34805800
AAPL,10/2/2019,223.059998,223.580002,217.929993,218.960007,217.78772,34612300
AAPL,10/3/2019,218.429993,220.960007,215.130005,220.820007,219.637756,28606500
AAPL,10/4/2019,225.639999,227.490005,223.889999,227.009995,225.794617,34619700
AAPL,10/7/2019,226.270004,229.929993,225.839996,227.059998,225.844345,30576500
AAPL,10/8/2019,225.820007,228.059998,224.330002,224.399994,223.198593,27955000
AAPL,10/9/2019,227.029999,227.789993,225.639999,227.029999,225.814514,18692600
AAPL,10/10/2019,227.929993,230.440002,227.300003,230.089996,228.858124,28253400
AAPL,10/11/2019,232.949997,237.639999,232.309998,236.210007,234.945358,41698900
AAPL,10/14/2019,234.899994,238.130005,234.669998,235.869995,234.607178,24106900
AAPL,10/15/2019,236.389999,237.649994,234.880005,235.320007,234.060135,21840000
AAPL,10/16/2019,233.369995,235.240005,233.199997,234.369995,233.115204,18475800
AAPL,10/17/2019,235.089996,236.149994,233.520004,235.279999,234.02034,16896300
AAPL,10/18/2019,234.589996,237.580002,234.289993,236.410004,235.144302,24358400
AAPL,10/21/2019,237.520004,240.990005,237.320007,240.509995,239.222336,21811800
AAPL,10/22/2019,241.160004,242.199997,239.619995,239.960007,238.675293,20573400
AAPL,10/23/2019,242.100006,243.240005,241.220001,243.179993,241.878036,18957200
AAPL,10/24/2019,244.509995,244.800003,241.809998,243.580002,242.275894,17318800
AAPL,10/25/2019,243.160004,246.729996,242.880005,246.580002,245.259842,18369300
AAPL,10/28/2019,247.419998,249.25,246.720001,249.050003,247.716614,24143200
AAPL,10/29/2019,248.970001,249.75,242.570007,243.289993,241.987442,35709900
AAPL,10/30/2019,244.759995,245.300003,241.210007,243.259995,241.957611,31130500
AAPL,10/31/2019,247.240005,249.169998,237.259995,248.759995,247.428162,34790500
AAPL,11/1/2019,249.539993,255.929993,249.160004,255.820007,254.450378,37781300
AAPL,11/4/2019,257.329987,257.850006,255.380005,257.5,256.121368,25818000
AAPL,11/5/2019,257.049988,258.190002,256.320007,257.130005,255.753372,19974400
AAPL,11/6/2019,256.769989,257.48999,255.369995,257.23999,255.862762,18966100
AAPL,11/7/2019,258.73999,260.350006,258.109985,259.429993,258.815735,23735100
AAPL,11/8/2019,258.690002,260.440002,256.850006,260.140015,259.524078,17496600
AAPL,11/11/2019,258.299988,262.470001,258.279999,262.200012,261.579193,20455300
AAPL,11/12/2019,261.549988,262.790009,260.920013,261.959991,261.339752,21847200
AAPL,11/13/2019,261.130005,264.779999,261.070007,264.470001,263.843811,25683600
AAPL,11/14/2019,263.75,264.880005,262.100006,262.640015,262.018158,22295700
AAPL,11/15/2019,263.679993,265.779999,263.01001,265.76001,265.130768,25051600
AAPL,11/18/2019,265.799988,267.429993,264.230011,267.100006,266.46759,21675800
AAPL,11/19/2019,267.899994,268,265.390015,266.290009,265.659515,19041800
AAPL,11/20/2019,265.540009,266.079987,260.399994,263.190002,262.566864,26558600
AAPL,11/21/2019,263.690002,264.01001,261.179993,262.01001,261.389648,30348800
AAPL,11/22/2019,262.589996,263.179993,260.839996,261.779999,261.160187,16331300
AAPL,11/25/2019,262.709991,266.440002,262.519989,266.369995,265.739319,21005100
AAPL,11/26/2019,266.940002,267.160004,262.5,264.290009,263.664246,26301900
AAPL,11/27/2019,265.579987,267.980011,265.309998,267.839996,267.205841,16308900
AAPL,11/29/2019,266.600006,268,265.899994,267.25,266.617249,11654400
AAPL,12/2/2019,267.269989,268.25,263.450012,264.160004,263.534546,23621800
AAPL,12/3/2019,258.309998,259.529999,256.290009,259.450012,258.835724,28607600
AAPL,12/4/2019,261.070007,263.309998,260.679993,261.73999,261.12027,16795400
AAPL,12/5/2019,263.790009,265.890015,262.730011,265.579987,264.951172,18606100
AAPL,12/6/2019,267.480011,271,267.299988,270.709991,270.069031,26518900
AAPL,12/9/2019,270,270.799988,264.910004,266.920013,266.288025,32010600
AAPL,12/10/2019,268.600006,270.070007,265.859985,268.480011,267.84433,22605100
AAPL,12/11/2019,268.809998,271.100006,268.5,270.769989,270.128906,19689200
AAPL,12/12/2019,267.779999,272.559998,267.320007,271.459991,270.817261,34327600
AAPL,12/13/2019,271.459991,275.299988,270.929993,275.149994,274.498535,33396900
AAPL,12/16/2019,277,280.790009,276.980011,279.859985,279.197357,32046500
AAPL,12/17/2019,279.570007,281.769989,278.799988,280.410004,279.746094,28539600
AAPL,12/18/2019,279.799988,281.899994,279.119995,279.73999,279.077667,29007100
AAPL,12/19/2019,279.5,281.179993,278.950012,280.019989,279.356995,24592300
AAPL,12/20/2019,282.230011,282.649994,278.559998,279.440002,278.778381,68994500
AAPL,12/23/2019,280.529999,284.25,280.369995,284,283.327576,24643000
AAPL,12/24/2019,284.690002,284.890015,282.920013,284.269989,283.596924,12119700
AAPL,12/26/2019,284.820007,289.980011,284.700012,289.910004,289.223602,23280300
AAPL,12/27/2019,291.119995,293.970001,288.119995,289.799988,289.113831,36566500
AAPL,12/30/2019,289.459991,292.690002,285.220001,291.519989,290.829773,36028600
AAPL,12/31/2019,289.929993,293.679993,289.519989,293.649994,292.954712,25201400
AAPL,1/2/2020,296.23999,300.600006,295.190002,300.350006,299.638885,33870100
AAPL,1/3/2020,297.149994,300.579987,296.5,297.429993,296.725769,36580700
AAPL,1/6/2020,293.790009,299.959991,292.75,299.799988,299.090149,29596800
AAPL,1/7/2020,299.839996,300.899994,297.480011,298.390015,297.683533,27218000
AAPL,1/8/2020,297.160004,304.440002,297.160004,303.190002,302.472137,33019800
AAPL,1/9/2020,307.23999,310.429993,306.200012,309.630005,308.896912,42527100
AAPL,1/10/2020,310.600006,312.670013,308.25,310.329987,309.595215,35161200
AAPL,1/13/2020,311.640015,317.070007,311.149994,316.959991,316.209534,30383000
AAPL,1/14/2020,316.700012,317.570007,312.170013,312.679993,311.939667,40488600
AAPL,1/15/2020,311.850006,315.5,309.549988,311.339996,310.602844,30480900
AAPL,1/16/2020,313.589996,315.700012,312.089996,315.23999,314.493591,27207300
AAPL,1/17/2020,316.269989,318.73999,315,318.730011,317.975372,34454100
AAPL,1/21/2020,317.190002,319.019989,316,316.570007,315.820465,27710800
AAPL,1/22/2020,318.579987,319.98999,317.309998,317.700012,316.947815,25458100
AAPL,1/23/2020,317.920013,319.559998,315.649994,319.230011,318.474182,26118000
AAPL,1/24/2020,320.25,323.329987,317.519989,318.309998,317.556335,36634400
AAPL,1/27/2020,310.059998,311.769989,304.880005,308.950012,308.218506,40485000
AAPL,1/28/2020,312.600006,318.399994,312.190002,317.690002,316.937805,40558500
AAPL,1/29/2020,324.450012,327.850006,321.380005,324.339996,323.572052,54057300
AAPL,1/30/2020,320.540009,324.089996,318.75,323.869995,323.10318,31685800
AAPL,1/31/2020,320.929993,322.679993,308.290009,309.51001,308.777191,49897100
AAPL,2/3/2020,304.299988,313.48999,302.220001,308.660004,307.929199,43496400
AAPL,2/4/2020,315.309998,319.640015,313.630005,318.850006,318.095062,34154100
AAPL,2/5/2020,323.519989,324.76001,318.950012,321.450012,320.688934,29706700
AAPL,2/6/2020,322.570007,325.220001,320.26001,325.209991,324.440002,26356400
AAPL,2/7/2020,322.369995,323.399994,318,320.029999,320.029999,29421000
AAPL,2/10/2020,314.179993,321.549988,313.850006,321.549988,321.549988,27337200
AAPL,2/11/2020,323.600006,323.899994,318.709991,319.609985,319.609985,23580800
AAPL,2/12/2020,321.470001,327.220001,321.470001,327.200012,327.200012,28432600
AAPL,2/13/2020,324.190002,326.220001,323.350006,324.869995,324.869995,23686900
AAPL,2/14/2020,324.73999,325.980011,322.850006,324.950012,324.950012,20028400
AAPL,2/18/2020,315.359985,319.75,314.609985,319,319,38132800
AAPL,2/19/2020,320,324.570007,320,323.619995,323.619995,23496000
AAPL,2/20/2020,322.630005,324.649994,318.209991,320.299988,320.299988,25141500
AAPL,2/21/2020,318.619995,320.450012,310.5,313.049988,313.049988,32388500
AAPL,2/24/2020,297.26001,304.179993,289.230011,298.179993,298.179993,55548800
AAPL,2/25/2020,300.950012,302.529999,286.130005,288.079987,288.079987,57668400
AAPL,2/26/2020,286.529999,297.880005,286.5,292.649994,292.649994,49513700
AAPL,2/27/2020,281.100006,286,272.959991,273.519989,273.519989,80151400
AAPL,2/28/2020,257.26001,278.410004,256.369995,273.359985,273.359985,106721200
AAPL,3/2/2020,282.279999,301.440002,277.720001,298.809998,298.809998,85349300
AAPL,3/3/2020,303.670013,304,285.799988,289.320007,289.320007,79868900
AAPL,3/4/2020,296.440002,303.399994,293.130005,302.73999,302.73999,54794600
AAPL,3/5/2020,295.519989,299.549988,291.410004,292.920013,292.920013,46893200
IBM,1/2/2019,112.010002,115.980003,111.690002,115.209999,108.800987,4239900
IBM,1/3/2019,114.529999,114.879997,112.690002,112.910004,106.628937,4346700
IBM,1/4/2019,114.910004,117.489998,114.440002,117.32,110.793617,4477800
IBM,1/7/2019,117.5,118.830002,116.669998,118.150002,111.577446,3751200
IBM,1/8/2019,119.660004,120.57,118.980003,119.830002,113.163979,4763600
IBM,1/9/2019,120.910004,121.400002,119.870003,120.690002,113.976151,3633700
IBM,1/10/2019,120.080002,121.860001,119.949997,121.790001,115.014954,3910000
IBM,1/11/2019,121.580002,121.620003,120.199997,121.459999,114.703316,3722400
IBM,1/14/2019,120.510002,120.650002,119.760002,120.389999,113.692841,5228700
IBM,1/15/2019,120.959999,121.93,120.82,121.730003,114.958298,3507500
IBM,1/16/2019,121.580002,122,120.830002,121.620003,114.854416,3841100
IBM,1/17/2019,120.559998,122.410004,120.550003,122.190002,115.392708,5029900
IBM,1/18/2019,123.269997,124.720001,122.709999,123.82,116.93203,6008500
IBM,1/22/2019,123.300003,123.800003,121.540001,122.519997,115.704338,10052400
IBM,1/23/2019,131.369995,135,130.309998,132.889999,125.497467,22063700
IBM,1/24/2019,132.630005,133.210007,131.429993,132.529999,125.157501,6322900
IBM,1/25/2019,132.869995,134.440002,132.429993,133.970001,126.517395,5707400
IBM,1/28/2019,133.100006,134.809998,132.580002,134.270004,126.80072,5357700
IBM,1/29/2019,134.289993,135.410004,133.600006,134.330002,126.857368,5037100
IBM,1/30/2019,134,135.029999,133.25,134.380005,126.904587,4500900
IBM,1/31/2019,134.449997,134.720001,133.740005,134.419998,126.94236,4884000
IBM,2/1/2019,134.970001,135.199997,133.350006,134.100006,126.640167,3806000
IBM,2/4/2019,134.020004,135.199997,132.990005,135.190002,127.66951,3966600
IBM,2/5/2019,135.279999,135.820007,134.919998,135.550003,128.009506,5398900
IBM,2/6/2019,135.220001,136.649994,135.169998,136.320007,128.736679,4879700
IBM,2/7/2019,133.550003,134.470001,132.119995,133.190002,127.246292,4379400
IBM,2/8/2019,132.339996,133.710007,132.190002,133.710007,127.743095,3249800
IBM,2/11/2019,134.289993,135.149994,133.910004,133.990005,128.01059,3095100
IBM,2/12/2019,135.149994,136.199997,134.860001,136.050003,129.978668,3317200
IBM,2/13/2019,136.919998,137.919998,136.410004,137.520004,131.383072,4253000
IBM,2/14/2019,137.169998,137.600006,136.210007,136.479996,130.389465,2789400
IBM,2/15/2019,137.580002,138.190002,137.389999,138.029999,131.8703,3844100
IBM,2/19/2019,137.809998,138.699997,137.360001,138.699997,132.510391,3385700
IBM,2/20/2019,138.759995,139.240005,137.220001,138,131.841644,3802000
IBM,2/21/2019,137.820007,138.350006,137.350006,137.839996,131.688797,2937300
IBM,2/22/2019,138.729996,139.380005,138.429993,139.25,133.035858,3113700
IBM,2/25/2019,140,140.470001,139.320007,139.460007,133.236481,3194200
IBM,2/26/2019,139.669998,140.490005,139.470001,139.720001,133.484879,3060400
IBM,2/27/2019,139.25,139.570007,138.399994,139.169998,132.959427,2530900
IBM,2/28/2019,138.770004,139.059998,137.720001,138.130005,131.965851,3457800
IBM,3/1/2019,139.309998,140.039993,138.639999,139.199997,132.988068,3030000
IBM,3/4/2019,139.990005,140.080002,137.169998,138.429993,132.252441,3406900
IBM,3/5/2019,138.369995,138.740005,137.559998,137.880005,131.72699,4250300
IBM,3/6/2019,138.119995,138.389999,136.720001,136.979996,130.867142,2768300
IBM,3/7/2019,136.610001,136.889999,134.630005,135.360001,129.319458,4358800
IBM,3/8/2019,134.210007,135.240005,133.580002,135.089996,129.061493,3773600
IBM,3/11/2019,136.029999,137.729996,135.839996,137.710007,131.56459,3939300
IBM,3/12/2019,138.520004,139.699997,137.860001,138.279999,132.109131,3954700
IBM,3/13/2019,138.050003,139.320007,137.850006,138.559998,132.376633,3173200
IBM,3/14/2019,138.509995,138.940002,138.059998,138.789993,132.596375,2738600
IBM,3/15/2019,139.369995,140.330002,139.229996,139.429993,133.207825,7153700
IBM,3/18/2019,139.830002,140.369995,138.720001,140.210007,133.953018,3268500
IBM,3/19/2019,140.960007,141.699997,140,140.490005,134.220535,3482300
IBM,3/20/2019,140.529999,140.699997,138.979996,139.600006,133.370239,3649500
IBM,3/21/2019,139.100006,142.119995,138.880005,141.440002,135.128128,3605400
IBM,3/22/2019,140.970001,141.440002,138.899994,139.449997,133.226929,3877200
IBM,3/25/2019,139.059998,139.910004,138.350006,139.179993,132.968979,2839800
IBM,3/26/2019,139.929993,141.020004,139.419998,140.220001,133.96257,2553700
IBM,3/27/2019,140.410004,140.490005,138.399994,139.240005,133.026306,3098200
IBM,3/28/2019,139.910004,140.440002,139.100006,139.919998,133.675964,2663900
IBM,3/29/2019,140.5,141.220001,140.149994,141.100006,134.803314,3101400
IBM,4/1/2019,141.509995,143.410004,141.509995,143.300003,136.905136,3984300
IBM,4/2/2019,143.350006,143.949997,142.600006,143,136.618515,2404800
IBM,4/3/2019,143.649994,144.220001,143.009995,143.630005,137.220383,2681200
IBM,4/4/2019,143.619995,144.139999,142.539993,142.779999,136.408325,2771100
IBM,4/5/2019,143.289993,143.5,142.460007,143.279999,136.886017,2731800
IBM,4/8/2019,143.020004,143.419998,142.869995,143.389999,136.991104,2118200
IBM,4/9/2019,142.660004,142.949997,141.839996,142.110001,135.768219,3038500
IBM,4/10/2019,142.199997,143.5,141.979996,143.020004,136.637619,2678000
IBM,4/11/2019,143.800003,144.110001,143.029999,143.779999,137.363693,2942000
IBM,4/12/2019,144.259995,144.440002,143.699997,144.350006,137.908264,2898900
IBM,4/15/2019,144.399994,144.460007,143.270004,143.899994,137.478348,3603200
IBM,4/16/2019,144.399994,145.389999,144.020004,145.139999,138.663025,6301700
IBM,4/17/2019,137.369995,141.979996,136.259995,139.110001,132.902115,12525700
IBM,4/18/2019,139,140.490005,138.699997,140.330002,134.067657,4960000
IBM,4/22/2019,139.419998,140.559998,138.479996,138.889999,132.691925,4494000
IBM,4/23/2019,139.149994,140.919998,138.940002,140.440002,134.172745,4462200
IBM,4/24/2019,140.600006,141.309998,139.779999,139.949997,133.704605,2774900
IBM,4/25/2019,139.699997,139.75,137.710007,138.630005,132.443527,2910100
IBM,4/26/2019,139.339996,139.889999,138.809998,139.440002,133.217377,2319800
IBM,4/29/2019,139.149994,139.630005,138.809998,139.050003,132.844788,2958300
IBM,4/30/2019,139.110001,140.440002,138.679993,140.270004,134.010345,4638800
IBM,5/1/2019,140.550003,141.809998,140.169998,140.559998,134.287384,3053700
IBM,5/2/2019,140.5,141.279999,139.410004,139.589996,133.360687,3541400
IBM,5/3/2019,139.699997,141,139.630005,140.25,133.991241,2579900
IBM,5/6/2019,138.300003,140.690002,137.899994,140.380005,134.115433,2793300
IBM,5/7/2019,139.149994,139.509995,136.190002,137.639999,131.497711,4726800
IBM,5/8/2019,137.770004,138.699997,137.130005,138,131.841644,3818900
IBM,5/9/2019,134.889999,135.580002,133.029999,135.339996,130.836243,4192700
IBM,5/10/2019,134.880005,135.75,132.419998,135.320007,130.816925,3977600
IBM,5/13/2019,133.279999,133.570007,130.960007,131.419998,127.046692,4958000
IBM,5/14/2019,131.820007,134.320007,131.679993,133.309998,128.873795,3280400
IBM,5/15/2019,132.589996,134.589996,132.369995,134.399994,129.927521,2551000
IBM,5/16/2019,134.740005,136.110001,134.639999,135.880005,131.358276,3017300
IBM,5/17/2019,134.679993,135.410004,133.940002,134.320007,129.850204,2619100
IBM,5/20/2019,133.529999,135.429993,132.929993,135.119995,130.623566,3264500
IBM,5/21/2019,136.119995,137.059998,135.789993,136.449997,131.909302,2503500
IBM,5/22/2019,136,136.75,135.710007,136.350006,131.812653,1849800
IBM,5/23/2019,135.130005,135.130005,130.440002,132.389999,127.984406,5343400
IBM,5/24/2019,133.529999,134.25,131.589996,132.279999,127.878067,2596100
IBM,5/28/2019,132.130005,132.639999,130.270004,130.460007,126.118652,4908800
IBM,5/29/2019,130,130.279999,128.320007,129.690002,125.374268,3679000
IBM,5/30/2019,129.740005,129.970001,128.929993,129.570007,125.258255,2741900
IBM,5/31/2019,128.440002,128.440002,126.849998,126.989998,122.764107,3539300
IBM,6/3/2019,127.099998,128.559998,127.059998,128.270004,124.001518,4266900
IBM,6/4/2019,129.559998,132.740005,129.089996,132.690002,128.274445,3913500
IBM,6/5/2019,133.380005,133.610001,130.470001,131.490005,127.11438,3161300
IBM,6/6/2019,132.190002,132.649994,130.899994,132.220001,127.820068,2298200
IBM,6/7/2019,132.470001,134.720001,132.210007,133.309998,128.873795,2553400
IBM,6/10/2019,134.380005,135.350006,133.910004,134.740005,130.25621,2911300
IBM,6/11/2019,135.320007,136.460007,135.050003,135.949997,131.425949,3407300
IBM,6/12/2019,135.559998,135.940002,134.410004,134.869995,130.381882,2254700
IBM,6/13/2019,135.130005,136.270004,135.089996,135.759995,131.242264,2955300
IBM,6/14/2019,135.440002,135.880005,134.429993,135.149994,130.652573,2193300
IBM,6/17/2019,135.389999,136.029999,134.699997,134.949997,130.459229,2194100
IBM,6/18/2019,135.199997,137.190002,135.199997,136.380005,131.841644,2914700
IBM,6/19/2019,136.429993,138.360001,136.240005,137.080002,132.518341,2382400
IBM,6/20/2019,138.929993,139.539993,138.199997,138.850006,134.229446,3071000
IBM,6/21/2019,138.440002,139.539993,138.389999,139.199997,134.56778,5288700
IBM,6/24/2019,139.199997,140.149994,139.050003,139.350006,134.712814,2186000
IBM,6/25/2019,139.460007,139.550003,138.130005,138.360001,133.755737,2801200
IBM,6/26/2019,138.869995,139.679993,138.410004,138.520004,133.910431,2284600
IBM,6/27/2019,138.720001,139.300003,137.949997,138.520004,133.910431,2149800
IBM,6/28/2019,138.570007,139.139999,137.839996,137.899994,133.31105,6153900
IBM,7/1/2019,139.600006,141.490005,139.279999,139.880005,135.225174,3377700
IBM,7/2/2019,139.75,140.429993,139.470001,140.220001,135.553848,2409700
IBM,7/3/2019,140.720001,141.820007,140.429993,141.539993,136.829926,1930400
IBM,7/5/2019,140.869995,141.490005,139.910004,141.380005,136.675262,2134700
IBM,7/8/2019,141.050003,141.289993,140.270004,140.570007,135.892212,2395300
IBM,7/9/2019,140.610001,140.990005,139.130005,139.330002,134.693466,3365200
IBM,7/10/2019,140,141.910004,139.789993,140.470001,135.795532,2513900
IBM,7/11/2019,140.789993,141.580002,140.300003,141.240005,136.539932,2132900
IBM,7/12/2019,141.919998,142.919998,141.660004,142.740005,137.990005,2786200
IBM,7/15/2019,142.889999,143.509995,142.119995,143.320007,138.550705,2368300
IBM,7/16/2019,143.169998,144.039993,143.020004,143.529999,138.753708,3474700
IBM,7/17/2019,143.610001,143.800003,141.949997,143.070007,138.309021,6064300
IBM,7/18/2019,142.5,150.309998,142.199997,149.630005,144.650711,12695400
IBM,7/19/2019,149.960007,151.580002,149.550003,149.679993,144.699036,7290700
IBM,7/22/2019,150.160004,151.940002,149.699997,149.740005,144.75705,4092600
IBM,7/23/2019,150.570007,150.720001,148.380005,150.380005,145.375778,3742200
IBM,7/24/2019,150.119995,151.449997,149.199997,150.029999,145.037399,2952400
IBM,7/25/2019,149.820007,150.619995,148.610001,150.389999,145.385422,3102100
IBM,7/26/2019,151,151.410004,150.100006,151.360001,146.323151,2904300
IBM,7/29/2019,151.110001,151.479996,150.320007,150.880005,145.859116,2075500
IBM,7/30/2019,150,150.399994,149.220001,149.770004,144.786057,2632700
IBM,7/31/2019,149.699997,150.179993,146.389999,148.240005,143.306976,3722900
IBM,8/1/2019,148.899994,152.820007,148.5,150.320007,145.317749,6344000
IBM,8/2/2019,149.029999,152.949997,145.589996,147.25,142.349915,8101700
IBM,8/5/2019,144.979996,145.100006,139.149994,140.759995,136.075882,7114900
IBM,8/6/2019,142.029999,142.470001,139.309998,140.729996,136.046875,5070700
IBM,8/7/2019,138.740005,139.580002,136.410004,139.110001,134.480789,5931900
IBM,8/8/2019,138.449997,140.419998,137.759995,140.100006,137.033676,5261100
IBM,8/9/2019,139.270004,139.309998,135.350006,136.130005,133.150558,5244600
IBM,8/12/2019,135.660004,135.869995,133.179993,134.119995,131.18454,3895600
IBM,8/13/2019,133.800003,136.570007,132.809998,135.789993,132.817993,4522100
IBM,8/14/2019,133.910004,134.160004,130.979996,131.25,128.377365,5114200
IBM,8/15/2019,131.220001,132.369995,130.25,131.919998,129.0327,3738900
IBM,8/16/2019,133.039993,134.589996,132.949997,133.759995,130.832413,3012000
IBM,8/19/2019,134.880005,136.330002,134.880005,135.039993,132.084412,3165100
IBM,8/20/2019,135.240005,135.279999,132.809998,133,130.08905,3018600
IBM,8/21/2019,134.960007,135.940002,133.800003,134.25,131.311691,2805700
IBM,8/22/2019,134.690002,135.679993,133.809998,134.320007,131.380188,2694900
IBM,8/23/2019,133.630005,134.259995,128.830002,129.570007,126.734131,4818400
IBM,8/26/2019,131.050003,131.300003,129.160004,129.990005,127.144943,2833900
IBM,8/27/2019,131.199997,131.699997,130.309998,131.169998,128.299103,4728000
IBM,8/28/2019,130.440002,132.889999,130.039993,132.759995,129.854309,2713600
IBM,8/29/2019,134.179993,135.690002,134.039993,134.880005,131.927917,2971800
IBM,8/30/2019,135.580002,136.070007,134.360001,135.529999,132.56369,2960600
IBM,9/3/2019,134.850006,134.899994,133.330002,134.100006,131.164993,2827900
IBM,9/4/2019,135.710007,136.429993,135.149994,136.320007,133.336411,2247900
IBM,9/5/2019,138.300003,141.699997,138.050003,140.970001,137.884613,5011600
IBM,9/6/2019,141.520004,141.529999,140.460007,140.570007,137.493378,2576800
IBM,9/9/2019,140.589996,143.020004,140.460007,142.600006,139.478943,4226600
IBM,9/10/2019,143,145.460007,142.960007,145.050003,141.87532,4979700
IBM,9/11/2019,144.850006,145.119995,142.710007,143.600006,140.457062,3869700
IBM,9/12/2019,144.029999,144.039993,141.880005,143.619995,140.476624,2505400
IBM,9/13/2019,144.320007,144.649994,143.259995,143.669998,140.525528,2206600
IBM,9/16/2019,142.559998,143.639999,142.270004,142.479996,139.361572,1928500
IBM,9/17/2019,142.479996,142.479996,140.660004,142.199997,139.087692,2933200
IBM,9/18/2019,142.050003,142.300003,140.509995,142.220001,139.107269,1983600
IBM,9/19/2019,142.460007,145.029999,142.449997,142.970001,139.840851,3089900
IBM,9/20/2019,143.25,143.830002,141.820007,141.880005,138.774704,5193400
IBM,9/23/2019,141.190002,142.220001,140.559998,142.070007,138.960556,1817900
IBM,9/24/2019,142.5,142.889999,141.070007,141.679993,138.579071,3231600
IBM,9/25/2019,141.740005,143.630005,140.860001,143.160004,140.026688,2526700
IBM,9/26/2019,143.169998,143.880005,141.410004,143.550003,140.408157,2309800
IBM,9/27/2019,144.410004,145.089996,142.380005,143.240005,140.10495,2356800
IBM,9/30/2019,143.729996,146.570007,143.729996,145.419998,142.237228,3988400
IBM,10/1/2019,145.589996,147.350006,143.539993,143.660004,140.515747,2960800
IBM,10/2/2019,142.190002,142.270004,140.570007,141.690002,138.588852,3340800
IBM,10/3/2019,141.619995,142.070007,139.179993,142.020004,138.911652,2928800
IBM,10/4/2019,142.059998,143.059998,141.029999,142.990005,139.860413,2413600
IBM,10/7/2019,142.259995,142.699997,141.220001,141.279999,138.187836,2426500
IBM,10/8/2019,140.240005,140.470001,138.25,138.380005,135.351318,3225400
IBM,10/9/2019,139.770004,140.330002,138.789993,139.669998,136.613083,2620800
IBM,10/10/2019,139.770004,141.779999,139.559998,141.130005,138.041122,2593700
IBM,10/11/2019,142.770004,144.5,142.610001,142.759995,139.635437,2996800
IBM,10/14/2019,142.309998,142.429993,141.320007,142.039993,138.931198,2309500
IBM,10/15/2019,142.539993,143.720001,141.809998,143,139.870193,3025500
IBM,10/16/2019,142.490005,142.949997,141.389999,142.110001,138.999664,5332600
IBM,10/17/2019,135,136,132.910004,134.259995,131.321487,15759800
IBM,10/18/2019,134.220001,134.490005,132.25,134.089996,131.155212,7177500
IBM,10/21/2019,132.610001,133.100006,130.899994,132.580002,129.678253,6306100
IBM,10/22/2019,132.550003,134.050003,131.610001,133.960007,131.028061,4161600
IBM,10/23/2019,133.520004,134.570007,132.699997,134.380005,131.438858,3610900
IBM,10/24/2019,134.830002,135.070007,133.300003,134.070007,131.135651,2598500
IBM,10/25/2019,134.119995,135.929993,134.100006,135.440002,132.475662,2579100
IBM,10/28/2019,136,136.630005,135.449997,135.970001,132.994049,3225700
IBM,10/29/2019,135.419998,135.570007,133.440002,133.820007,130.891113,4160700
IBM,10/30/2019,133.830002,135.279999,133.199997,135.25,132.28981,2252700
IBM,10/31/2019,135.110001,135.25,133.229996,133.729996,130.803085,3412100
IBM,11/1/2019,134.5,135.559998,134.089996,135.529999,132.56369,3089800
IBM,11/4/2019,136.240005,137.740005,136.229996,137.669998,134.656845,3335400
IBM,11/5/2019,137.800003,138.759995,137.630005,137.889999,134.87204,3015000
IBM,11/6/2019,138,138.779999,137.550003,138.779999,135.742554,4477300
IBM,11/7/2019,137.869995,139.139999,137.580002,137.690002,136.267075,4073800
IBM,11/8/2019,137.580002,137.610001,136.160004,137.610001,136.187897,2278400
IBM,11/11/2019,137.199997,137.199997,135,135.470001,134.070023,2568000
IBM,11/12/2019,135.869995,136.660004,135.020004,135.589996,134.188782,3046500
IBM,11/13/2019,135.389999,135.580002,133.850006,134.479996,133.09024,2918400
IBM,11/14/2019,134.130005,134.330002,133.330002,134,132.615204,4231300
IBM,11/15/2019,134.389999,135.119995,134.029999,134.399994,133.011078,3262500
IBM,11/18/2019,134.300003,134.479996,133.229996,134.309998,132.921997,3210400
IBM,11/19/2019,134.880005,135.380005,134.460007,134.520004,133.129837,2995000
IBM,11/20/2019,134.059998,134.460007,132.75,133.199997,131.823471,4138200
IBM,11/21/2019,133.399994,134.169998,132.979996,133.839996,132.456863,3345300
IBM,11/22/2019,134.190002,134.649994,133.589996,134.339996,132.951691,3297500
IBM,11/25/2019,134.470001,136,134.350006,135.970001,134.56485,2590100
IBM,11/26/2019,136.149994,136.149994,134.770004,135.089996,133.693939,3793200
IBM,11/27/2019,135.350006,135.710007,133.619995,133.770004,132.387589,3280900
IBM,11/29/2019,133.600006,134.520004,133.029999,134.449997,133.060562,1825300
IBM,12/2/2019,134.449997,134.5,132.479996,132.910004,131.536484,3067100
IBM,12/3/2019,132,132.440002,130.690002,132.119995,130.754639,3642500
IBM,12/4/2019,132.860001,133.679993,131.960007,131.990005,130.625992,3530000
IBM,12/5/2019,132.990005,133.240005,131.630005,131.910004,130.546814,3595400
IBM,12/6/2019,132.75,133.889999,132.699997,133.220001,131.843277,3437500
IBM,12/9/2019,133.350006,134.589996,133.259995,133.919998,132.536041,2968500
IBM,12/10/2019,133.919998,134.839996,133.559998,133.910004,132.526138,3480400
IBM,12/11/2019,134.110001,134.509995,133.669998,133.759995,132.377686,3953300
IBM,12/12/2019,133.699997,135.660004,133.660004,135.320007,133.92157,4824100
IBM,12/13/2019,134.75,135.5,134.009995,134.210007,132.823044,2535000
IBM,12/16/2019,134.940002,135.449997,133.850006,134.130005,132.743866,3049200
IBM,12/17/2019,134.279999,134.690002,133.460007,134.220001,132.832932,2907200
IBM,12/18/2019,134.550003,135,134.149994,134.410004,133.020981,3101800
IBM,12/19/2019,134.460007,134.729996,134.190002,134.559998,133.169418,3866500
IBM,12/20/2019,135.740005,136.419998,134.949997,135.589996,134.188782,7111800
IBM,12/23/2019,135.779999,136.149994,135,135.550003,134.1492,2803200
IBM,12/24/2019,135.610001,135.619995,134.610001,134.979996,133.585083,1202100
IBM,12/26/2019,134.979996,135.309998,134.649994,134.910004,133.515808,2129700
IBM,12/27/2019,135,135.75,134.869995,135.270004,133.872086,2752200
IBM,12/30/2019,135.199997,135.300003,132.5,132.809998,131.4375,4118900
IBM,12/31/2019,132.529999,134.119995,132.399994,134.039993,132.654785,3777500
IBM,1/2/2020,135,135.919998,134.770004,135.419998,134.020538,3148600
IBM,1/3/2020,133.570007,134.860001,133.559998,134.339996,132.951691,2373700
IBM,1/6/2020,133.419998,134.240005,133.199997,134.100006,132.714188,2425500
IBM,1/7/2020,133.690002,134.960007,133.399994,134.190002,132.803253,3090800
IBM,1/8/2020,134.509995,135.860001,133.919998,135.309998,133.911667,4346000
IBM,1/9/2020,135.740005,136.789993,135.309998,136.740005,135.326904,3730600
IBM,1/10/2020,137,137.869995,136.309998,136.690002,135.27742,3255400
IBM,1/13/2020,135.479996,136.639999,135.070007,136.600006,135.188354,3531000
IBM,1/14/2020,136.279999,137.139999,135.550003,135.820007,134.416412,3681000
IBM,1/15/2020,136,138.059998,135.710007,136.619995,135.20813,4045900
IBM,1/16/2020,137.320007,138.190002,137.009995,137.979996,136.554077,4320900
IBM,1/17/2020,136.539993,138.330002,136.160004,138.309998,136.880661,5623300
IBM,1/21/2020,137.809998,139.350006,137.600006,139.169998,137.731781,7244100
IBM,1/22/2020,143.320007,145.789993,142.550003,143.889999,142.403,16470400
IBM,1/23/2020,144.199997,144.410004,142.149994,142.869995,141.393539,5657800
IBM,1/24/2020,143.389999,143.919998,140.460007,140.559998,139.107422,5580200
IBM,1/27/2020,138.5,140.070007,138.100006,138.619995,137.187454,4166600
IBM,1/28/2020,139.5,140.470001,138.75,139.550003,138.107864,3451600
IBM,1/29/2020,139.169998,139.580002,137.600006,137.690002,136.267075,3053800
IBM,1/30/2020,136.759995,136.970001,134.970001,136.770004,135.356583,5057900
IBM,1/31/2020,142.899994,144.050003,140.789993,143.729996,142.244659,18994600
IBM,2/3/2020,144.25,147.279999,143.899994,146.270004,144.758408,8887500
IBM,2/4/2020,147.779999,149.380005,146.880005,149.110001,147.569061,5621000
IBM,2/5/2020,150.210007,157.440002,150.149994,156.330002,154.714447,14386800
IBM,2/6/2020,156.820007,158.75,155.419998,156.759995,155.139999,8400500
IBM,2/7/2020,154.550003,155.539993,152.919998,153.410004,153.410004,6423400
IBM,2/10/2020,152.970001,154.440002,151.580002,154.429993,154.429993,5239800
IBM,2/11/2020,155.119995,155.220001,152.729996,153.479996,153.479996,3835100
IBM,2/12/2020,153.75,155.600006,153.520004,155.309998,155.309998,4437800
IBM,2/13/2020,154.369995,154.830002,153.410004,154.309998,154.309998,3820700
IBM,2/14/2020,154.419998,154.559998,149.770004,150.699997,150.699997,6099200
IBM,2/18/2020,149.789993,151.380005,149.639999,151.100006,151.100006,3343000
IBM,2/19/2020,151.539993,151.889999,150.309998,150.860001,150.860001,2732900
IBM,2/20/2020,150.809998,151.619995,149.509995,151.220001,151.220001,2880500
IBM,2/21/2020,151.039993,151.039993,148.839996,149.839996,149.839996,3536900
IBM,2/24/2020,145.509995,148.050003,145.380005,146.429993,146.429993,5452400
IBM,2/25/2020,146.509995,147.070007,141.259995,141.710007,141.710007,6211500
IBM,2/26/2020,142.899994,144.059998,139.600006,139.75,139.75,5407900
IBM,2/27/2020,137.240005,138.690002,133.009995,133.110001,133.110001,8421100
IBM,2/28/2020,129.979996,131.089996,126.360001,130.149994,130.149994,13012200
IBM,3/2/2020,130.75,134.440002,127.949997,134.300003,134.300003,8531400
IBM,3/3/2020,134.479996,136.100006,127.800003,128.899994,128.899994,7896100
IBM,3/4/2020,131.580002,134.279999,129,134.220001,134.220001,4996400
IBM,3/5/2020,130.5,132.289993,128.449997,129.550003,129.550003,5446200
MSFT,1/2/2019,99.550003,101.75,98.940002,101.120003,99.375191,35329300
MSFT,1/3/2019,100.099998,100.190002,97.199997,97.400002,95.719376,42579100
MSFT,1/4/2019,99.720001,102.510002,98.93,101.93,100.171211,44060600
MSFT,1/7/2019,101.639999,103.269997,100.980003,102.059998,100.298965,35656100
MSFT,1/8/2019,103.040001,103.970001,101.709999,102.800003,101.026199,31514400
MSFT,1/9/2019,103.860001,104.879997,103.239998,104.269997,102.470825,32280800
MSFT,1/10/2019,103.220001,103.75,102.379997,103.599998,101.812401,30067600
MSFT,1/11/2019,103.190002,103.440002,101.639999,102.800003,101.026199,28314200
MSFT,1/14/2019,101.900002,102.870003,101.260002,102.050003,100.289146,28437100
MSFT,1/15/2019,102.510002,105.050003,101.879997,105.010002,103.198067,31587600
MSFT,1/16/2019,105.260002,106.260002,104.959999,105.379997,103.561684,29853900
MSFT,1/17/2019,105,106.629997,104.760002,106.120003,104.288918,28393000
MSFT,1/18/2019,107.459999,107.900002,105.910004,107.709999,105.851479,37427600
MSFT,1/22/2019,106.75,107.099998,104.860001,105.68,103.856506,32371300
MSFT,1/23/2019,106.120003,107.040001,105.339996,106.709999,104.868729,25874300
MSFT,1/24/2019,106.860001,107,105.339996,106.199997,104.367531,23164800
MSFT,1/25/2019,107.239998,107.879997,106.199997,107.169998,105.320793,31225600
MSFT,1/28/2019,106.260002,106.480003,104.660004,105.080002,103.266861,29476700
MSFT,1/29/2019,104.879997,104.970001,102.169998,102.940002,101.163788,31490500
MSFT,1/30/2019,104.620003,106.379997,104.330002,106.379997,104.544426,49471900
MSFT,1/31/2019,103.800003,105.220001,103.18,104.43,102.628075,55636400
MSFT,2/1/2019,103.779999,104.099998,102.349998,102.779999,101.006546,35535700
MSFT,2/4/2019,102.870003,105.800003,102.769997,105.739998,103.915466,31315100
MSFT,2/5/2019,106.059998,107.269997,105.959999,107.220001,105.369934,27325400
MSFT,2/6/2019,107,107,105.529999,106.029999,104.20047,20609800
MSFT,2/7/2019,105.190002,105.589996,104.290001,105.269997,103.453575,29760700
MSFT,2/8/2019,104.389999,105.779999,104.260002,105.669998,103.84668,21461100
MSFT,2/11/2019,106.199997,106.580002,104.970001,105.25,103.433922,18914100
MSFT,2/12/2019,106.139999,107.139999,105.480003,106.889999,105.045631,25056600
MSFT,2/13/2019,107.5,107.779999,106.709999,106.809998,104.967003,18394900
MSFT,2/14/2019,106.309998,107.290001,105.660004,106.900002,105.05545,21784700
MSFT,2/15/2019,107.910004,108.300003,107.360001,108.220001,106.352676,26606900
MSFT,2/19/2019,107.790001,108.660004,107.779999,108.169998,106.303543,18038500
MSFT,2/20/2019,107.860001,107.940002,106.290001,107.150002,105.750854,21607700
MSFT,2/21/2019,106.900002,109.480003,106.870003,109.410004,107.981354,29063200
MSFT,2/22/2019,110.050003,111.199997,109.82,110.970001,109.520973,27763200
MSFT,2/25/2019,111.760002,112.18,111.260002,111.589996,110.132874,23750600
MSFT,2/26/2019,111.260002,113.239998,111.169998,112.360001,110.892822,21536700
MSFT,2/27/2019,111.690002,112.360001,110.879997,112.169998,110.705299,21487100
MSFT,2/28/2019,112.040001,112.879997,111.730003,112.029999,110.567131,29083900
MSFT,3/1/2019,112.889999,113.019997,111.669998,112.529999,111.060608,23501200
MSFT,3/4/2019,113.019997,113.25,110.800003,112.260002,110.794128,26608000
MSFT,3/5/2019,112.25,112.389999,111.230003,111.699997,110.241432,19538300
MSFT,3/6/2019,111.870003,112.660004,111.43,111.75,110.290787,17687000
MSFT,3/7/2019,111.400002,111.550003,109.870003,110.389999,108.94854,25339000
MSFT,3/8/2019,109.160004,110.709999,108.800003,110.510002,109.066978,22818400
MSFT,3/11/2019,110.989998,112.949997,110.980003,112.830002,111.356689,26491600
MSFT,3/12/2019,112.82,113.989998,112.650002,113.620003,112.136368,26132700
MSFT,3/13/2019,114.129997,115,113.779999,114.5,113.004875,35513800
MSFT,3/14/2019,114.540001,115.199997,114.330002,114.589996,113.093697,30763400
MSFT,3/15/2019,115.339996,117.25,114.589996,115.910004,114.396469,54681100
MSFT,3/18/2019,116.169998,117.610001,116.050003,117.57,116.034782,31207600
MSFT,3/19/2019,118.089996,118.440002,116.989998,117.650002,116.113747,37588700
MSFT,3/20/2019,117.389999,118.75,116.709999,117.519997,115.985443,28113300
MSFT,3/21/2019,117.139999,120.82,117.089996,120.220001,118.650192,29854400
MSFT,3/22/2019,119.5,119.589996,117.040001,117.050003,115.521576,33624500
MSFT,3/25/2019,116.559998,118.010002,116.32,117.660004,116.123627,27067100
MSFT,3/26/2019,118.620003,118.709999,116.849998,117.910004,116.370346,26097700
MSFT,3/27/2019,117.879997,118.209999,115.519997,116.769997,115.245224,22733400
MSFT,3/28/2019,117.440002,117.580002,116.129997,116.93,115.403145,18334800
MSFT,3/29/2019,118.07,118.32,116.959999,117.940002,116.399963,25399800
MSFT,4/1/2019,118.949997,119.110001,118.099998,119.019997,117.465858,22789100
MSFT,4/2/2019,119.059998,119.480003,118.519997,119.190002,117.633636,18142300
MSFT,4/3/2019,119.860001,120.43,119.150002,119.970001,118.403458,22860700
MSFT,4/4/2019,120.099998,120.230003,118.379997,119.360001,117.801422,20112800
MSFT,4/5/2019,119.389999,120.230003,119.370003,119.889999,118.324493,15826200
MSFT,4/8/2019,119.809998,120.019997,118.639999,119.93,118.363968,15116200
MSFT,4/9/2019,118.629997,119.540001,118.580002,119.279999,117.72245,17612000
MSFT,4/10/2019,119.760002,120.349998,119.540001,120.190002,118.620583,16477200
MSFT,4/11/2019,120.540001,120.849998,119.919998,120.330002,118.758751,14209100
MSFT,4/12/2019,120.639999,120.980003,120.370003,120.949997,119.370651,19745100
MSFT,4/15/2019,120.940002,121.580002,120.57,121.050003,119.469353,15792600
MSFT,4/16/2019,121.639999,121.650002,120.099998,120.769997,119.193001,14071800
MSFT,4/17/2019,121.239998,121.849998,120.540001,121.769997,120.179947,19300900
MSFT,4/18/2019,122.190002,123.519997,121.300003,123.370003,121.759056,27991000
MSFT,4/22/2019,122.620003,124,122.57,123.760002,122.143959,15648700
MSFT,4/23/2019,124.099998,125.580002,123.830002,125.440002,123.802032,24025500
MSFT,4/24/2019,125.790001,125.849998,124.519997,125.010002,123.377647,31257000
MSFT,4/25/2019,130.059998,131.369995,128.830002,129.149994,127.463577,38033900
MSFT,4/26/2019,129.699997,130.520004,129.020004,129.889999,128.193909,23654900
MSFT,4/29/2019,129.899994,130.179993,129.350006,129.770004,128.075485,16324200
MSFT,4/30/2019,129.809998,130.699997,129.389999,130.600006,128.894653,24166500
MSFT,5/1/2019,130.529999,130.649994,127.699997,127.879997,126.210159,26821700
MSFT,5/2/2019,127.980003,128,125.519997,126.209999,124.561966,27350200
MSFT,5/3/2019,127.360001,129.429993,127.25,128.899994,127.216843,24911100
MSFT,5/6/2019,126.389999,128.559998,126.110001,128.149994,126.476624,24239800
MSFT,5/7/2019,126.459999,127.18,124.220001,125.519997,123.880966,36017700
MSFT,5/8/2019,125.440002,126.370003,124.75,125.510002,123.871117,28419000
MSFT,5/9/2019,124.290001,125.790001,123.57,125.5,123.861244,27235800
MSFT,5/10/2019,124.910004,127.93,123.82,127.129997,125.469955,30915100
MSFT,5/13/2019,124.110001,125.550003,123.040001,123.349998,121.739311,33944900
MSFT,5/14/2019,123.870003,125.879997,123.699997,124.730003,123.101303,25266300
MSFT,5/15/2019,124.260002,126.709999,123.699997,126.019997,124.834839,24722700
MSFT,5/16/2019,126.75,129.380005,126.459999,128.929993,127.717468,30112200
MSFT,5/17/2019,128.309998,130.460007,127.919998,128.070007,126.86557,25770500
MSFT,5/20/2019,126.519997,127.589996,125.760002,126.220001,125.032967,23706900
MSFT,5/21/2019,127.43,127.529999,126.580002,126.900002,125.706573,15293300
MSFT,5/22/2019,126.620003,128.240005,126.519997,127.669998,126.469322,15396500
MSFT,5/23/2019,126.199997,126.290001,124.739998,126.18,124.99334,23603800
MSFT,5/24/2019,126.910004,127.419998,125.970001,126.239998,125.052765,14123400
MSFT,5/28/2019,126.980003,128,126.050003,126.160004,124.973534,23128400
MSFT,5/29/2019,125.379997,125.389999,124.040001,124.940002,123.764999,22763100
MSFT,5/30/2019,125.260002,125.760002,124.779999,125.730003,124.547562,16829600
MSFT,5/31/2019,124.230003,124.620003,123.32,123.68,122.516846,26646800
MSFT,6/3/2019,123.849998,124.370003,119.010002,119.839996,118.712952,37983600
MSFT,6/4/2019,121.279999,123.279999,120.650002,123.160004,122.00174,29382600
MSFT,6/5/2019,124.949997,125.870003,124.209999,125.830002,124.646629,24926100
MSFT,6/6/2019,126.440002,127.970001,125.599998,127.82,126.617912,21459000
MSFT,6/7/2019,129.190002,132.25,128.259995,131.399994,130.16423,33885600
MSFT,6/10/2019,132.399994,134.080002,132,132.600006,131.352966,26477100
MSFT,6/11/2019,133.880005,134.240005,131.279999,132.100006,130.857666,23913700
MSFT,6/12/2019,131.399994,131.970001,130.710007,131.490005,130.253403,17084700
MSFT,6/13/2019,131.979996,133,131.559998,132.320007,131.075592,17200800
MSFT,6/14/2019,132.259995,133.789993,131.639999,132.449997,131.204376,17821700
MSFT,6/17/2019,132.630005,133.729996,132.529999,132.850006,131.600616,14517800
MSFT,6/18/2019,134.190002,135.240005,133.570007,135.160004,133.888885,25934500
MSFT,6/19/2019,135,135.929993,133.809998,135.690002,134.41391,23744400
MSFT,6/20/2019,137.449997,137.660004,135.720001,136.949997,135.662033,33042600
MSFT,6/21/2019,136.580002,137.729996,136.460007,136.970001,135.68187,36727900
MSFT,6/24/2019,137,138.399994,137,137.779999,136.484238,20628800
MSFT,6/25/2019,137.25,137.589996,132.729996,133.429993,132.17514,33327400
MSFT,6/26/2019,134.350006,135.740005,133.600006,133.929993,132.670441,23657700
MSFT,6/27/2019,134.139999,134.710007,133.509995,134.149994,132.888367,16557500
MSFT,6/28/2019,134.570007,134.600006,133.160004,133.960007,132.70018,30043000
MSFT,7/1/2019,136.630005,136.699997,134.970001,135.679993,134.403992,22654200
MSFT,7/2/2019,136.119995,136.589996,135.339996,136.580002,135.295517,15237800
MSFT,7/3/2019,136.800003,137.740005,136.289993,137.460007,136.167252,13629300
MSFT,7/5/2019,135.940002,137.330002,135.720001,137.059998,135.771011,18141100
MSFT,7/8/2019,136.399994,137.100006,135.369995,136.960007,135.671951,16779700
MSFT,7/9/2019,136,136.970001,135.800003,136.460007,135.176666,19953100
MSFT,7/10/2019,137.130005,138.580002,137.020004,137.850006,136.553604,24204400
MSFT,7/11/2019,138.199997,139.220001,137.869995,138.399994,137.098404,22327900
MSFT,7/12/2019,138.850006,139.130005,138.009995,138.899994,137.593704,18936800
MSFT,7/15/2019,139.440002,139.539993,138.460007,138.899994,137.593704,16651500
MSFT,7/16/2019,138.960007,139.050003,136.520004,137.080002,135.790817,22726100
MSFT,7/17/2019,137.699997,137.929993,136.220001,136.270004,134.988449,20211000
MSFT,7/18/2019,135.550003,136.619995,134.669998,136.419998,135.137039,30808700
MSFT,7/19/2019,140.220001,140.669998,136.449997,136.619995,135.335144,48992400
MSFT,7/22/2019,137.410004,139.190002,137.330002,138.429993,137.128113,25074900
MSFT,7/23/2019,139.759995,139.990005,138.029999,139.289993,137.980042,18034600
MSFT,7/24/2019,138.899994,140.740005,138.850006,140.720001,139.396591,20738300
MSFT,7/25/2019,140.429993,140.610001,139.320007,140.190002,138.871582,18356900
MSFT,7/26/2019,140.369995,141.679993,140.300003,141.339996,140.010757,19037600
MSFT,7/29/2019,141.5,141.509995,139.369995,141.029999,139.703674,16605900
MSFT,7/30/2019,140.139999,141.220001,139.800003,140.350006,139.030075,16846500
MSFT,7/31/2019,140.330002,140.490005,135.080002,136.270004,134.988449,38598800
MSFT,8/1/2019,137,140.940002,136.929993,138.059998,136.761597,40557500
MSFT,8/2/2019,138.089996,138.320007,135.259995,136.899994,135.612503,30791600
MSFT,8/5/2019,133.300003,133.929993,130.779999,132.210007,130.966629,42749600
MSFT,8/6/2019,133.800003,135.679993,133.210007,134.690002,133.423309,32696700
MSFT,8/7/2019,133.789993,135.649994,131.830002,135.279999,134.007736,33414500
MSFT,8/8/2019,136.600006,138.990005,135.929993,138.889999,137.583801,27496500
MSFT,8/9/2019,138.610001,139.380005,136.460007,137.710007,136.414917,23466700
MSFT,8/12/2019,137.070007,137.860001,135.240005,135.789993,134.512939,20476600
MSFT,8/13/2019,136.050003,138.800003,135,138.600006,137.296539,25154600
MSFT,8/14/2019,136.360001,136.919998,133.669998,133.979996,133.161926,32527300
MSFT,8/15/2019,134.389999,134.580002,132.25,133.679993,132.863754,28074400
MSFT,8/16/2019,134.880005,136.460007,134.720001,136.130005,135.298813,24449100
MSFT,8/19/2019,137.850006,138.550003,136.889999,138.410004,137.564896,24355700
MSFT,8/20/2019,138.210007,138.710007,137.240005,137.259995,136.421906,21170800
MSFT,8/21/2019,138.550003,139.490005,138,138.789993,137.942551,14970300
MSFT,8/22/2019,138.660004,139.199997,136.289993,137.779999,136.938721,18697000
MSFT,8/23/2019,137.190002,138.350006,132.800003,133.389999,132.575531,38508600
MSFT,8/26/2019,134.990005,135.559998,133.899994,135.449997,134.622955,20312600
MSFT,8/27/2019,136.389999,136.720001,134.660004,135.740005,134.911179,23102100
MSFT,8/28/2019,134.880005,135.759995,133.550003,135.559998,134.732269,17393300
MSFT,8/29/2019,137.25,138.440002,136.910004,138.119995,137.276642,20168700
MSFT,8/30/2019,139.149994,139.179993,136.270004,137.860001,137.01825,23940100
MSFT,9/3/2019,136.610001,137.199997,135.699997,136.039993,135.209351,18869300
MSFT,9/4/2019,137.300003,137.690002,136.479996,137.630005,136.789658,17995900
MSFT,9/5/2019,139.110001,140.380005,138.759995,140.050003,139.19487,26101800
MSFT,9/6/2019,140.029999,140.179993,138.199997,139.100006,138.250671,20815600
MSFT,9/9/2019,139.589996,139.75,136.460007,137.520004,136.680328,25773900
MSFT,9/10/2019,136.800003,136.889999,134.509995,136.080002,135.249115,28903400
MSFT,9/11/2019,135.910004,136.270004,135.089996,136.119995,135.288849,24726100
MSFT,9/12/2019,137.850006,138.419998,136.869995,137.520004,136.680328,27010000
MSFT,9/13/2019,137.779999,138.059998,136.570007,137.320007,136.481537,23363100
MSFT,9/16/2019,135.830002,136.699997,135.660004,136.330002,135.497589,16731400
MSFT,9/17/2019,136.960007,137.520004,136.429993,137.389999,136.551117,17814200
MSFT,9/18/2019,137.360001,138.669998,136.529999,138.520004,137.67421,23982100
MSFT,9/19/2019,140.300003,142.369995,140.070007,141.070007,140.208649,35772100
MSFT,9/20/2019,141.009995,141.649994,138.25,139.440002,138.588593,39167300
MSFT,9/23/2019,139.229996,139.630005,138.440002,139.139999,138.290421,17139300
MSFT,9/24/2019,140.360001,140.690002,136.880005,137.380005,136.541183,29773200
MSFT,9/25/2019,137.5,139.960007,136.029999,139.360001,138.509079,21382000
MSFT,9/26/2019,139.440002,140.179993,138.440002,139.539993,138.687973,17456600
MSFT,9/27/2019,140.149994,140.360001,136.649994,137.729996,136.889023,22477700
MSFT,9/30/2019,138.050003,139.220001,137.779999,139.029999,138.181091,17280900
MSFT,10/1/2019,139.660004,140.25,137,137.070007,136.233078,21466600
MSFT,10/2/2019,136.25,136.369995,133.580002,134.649994,133.827835,30521700
MSFT,10/3/2019,134.949997,136.75,133.220001,136.279999,135.447891,24132900
MSFT,10/4/2019,136.75,138.25,136.419998,138.119995,137.276642,22897700
MSFT,10/7/2019,137.139999,138.179993,137.020004,137.119995,136.282761,15303700
MSFT,10/8/2019,137.080002,137.759995,135.619995,135.669998,134.841614,25550500
MSFT,10/9/2019,137.460007,138.699997,136.970001,138.240005,137.39592,19749900
MSFT,10/10/2019,138.490005,139.669998,138.25,139.100006,138.250671,17654600
MSFT,10/11/2019,140.119995,141.029999,139.5,139.679993,138.827118,25446000
MSFT,10/14/2019,139.690002,140.289993,139.520004,139.550003,138.697922,13304300
MSFT,10/15/2019,140.059998,141.789993,139.809998,141.570007,140.705597,19695700
MSFT,10/16/2019,140.789993,140.990005,139.529999,140.410004,139.552673,20751600
MSFT,10/17/2019,140.949997,141.419998,139.020004,139.690002,138.837067,21460600
MSFT,10/18/2019,139.759995,140,136.559998,137.410004,136.570984,32273500
MSFT,10/21/2019,138.449997,138.5,137.009995,138.429993,137.584747,20078200
MSFT,10/22/2019,138.970001,140.009995,136.259995,136.369995,135.537338,27431000
MSFT,10/23/2019,136.880005,137.449997,135.610001,137.240005,136.402039,29844600
MSFT,10/24/2019,139.389999,140.419998,138.669998,139.940002,139.085556,37029300
MSFT,10/25/2019,139.339996,141.139999,139.199997,140.729996,139.870712,25959700
MSFT,10/28/2019,144.399994,145.669998,143.509995,144.190002,143.309601,35280100
MSFT,10/29/2019,144.080002,144.5,142.649994,142.830002,141.957901,20589500
MSFT,10/30/2019,143.520004,145,142.789993,144.610001,143.727036,18496600
MSFT,10/31/2019,144.899994,144.929993,142.990005,143.369995,142.494583,24605100
MSFT,11/1/2019,144.259995,144.419998,142.970001,143.720001,142.842468,33128400
MSFT,11/4/2019,144.830002,145,144.160004,144.550003,143.667404,16912000
MSFT,11/5/2019,144.970001,145.020004,143.910004,144.460007,143.577957,18250200
MSFT,11/6/2019,144.369995,144.520004,143.199997,144.059998,143.180374,16575800
MSFT,11/7/2019,143.839996,144.880005,143.770004,144.259995,143.37915,17786700
MSFT,11/8/2019,143.979996,145.990005,143.759995,145.960007,145.068787,16732700
MSFT,11/11/2019,145.339996,146.419998,144.729996,146.110001,145.217865,14362600
MSFT,11/12/2019,146.279999,147.570007,146.059998,147.070007,146.172012,18641600
MSFT,11/13/2019,146.740005,147.460007,146.279999,147.309998,146.410538,16919200
MSFT,11/14/2019,147.020004,148.410004,147,148.059998,147.15596,19729800
MSFT,11/15/2019,148.929993,149.990005,148.270004,149.970001,149.054306,23485700
MSFT,11/18/2019,150.070007,150.550003,148.979996,150.339996,149.422043,21534000
MSFT,11/19/2019,150.880005,151.330002,150.199997,150.389999,149.471725,23935700
MSFT,11/20/2019,150.309998,150.839996,148.460007,149.619995,149.212433,25696800
MSFT,11/21/2019,149.399994,149.800003,148.5,149.479996,149.072815,18576100
MSFT,11/22/2019,150.070007,150.300003,148.820007,149.589996,149.182526,15901800
MSFT,11/25/2019,150,151.350006,149.919998,151.229996,150.818054,22420900
MSFT,11/26/2019,151.360001,152.419998,151.320007,152.029999,151.615875,24620100
MSFT,11/27/2019,152.330002,152.5,151.520004,152.320007,151.90509,15184400
MSFT,11/29/2019,152.100006,152.300003,151.279999,151.380005,150.967651,11977300
MSFT,12/2/2019,151.809998,151.830002,148.320007,149.550003,149.142639,27418400
MSFT,12/3/2019,147.490005,149.429993,146.649994,149.309998,148.90329,24066000
MSFT,12/4/2019,150.139999,150.179993,149.199997,149.850006,149.441818,17574700
MSFT,12/5/2019,150.050003,150.320007,149.479996,149.929993,149.521591,17869100
MSFT,12/6/2019,150.990005,151.869995,150.270004,151.75,151.336639,16403500
MSFT,12/9/2019,151.070007,152.210007,150.910004,151.360001,150.947708,16687400
MSFT,12/10/2019,151.289993,151.889999,150.759995,151.130005,150.718338,16476100
MSFT,12/11/2019,151.539993,151.869995,150.330002,151.699997,151.286774,18856600
MSFT,12/12/2019,151.649994,153.440002,151.020004,153.240005,152.822586,24612100
MSFT,12/13/2019,153,154.889999,152.830002,154.529999,154.10907,23845400
MSFT,12/16/2019,155.110001,155.899994,154.820007,155.529999,155.106339,24144200
MSFT,12/17/2019,155.449997,155.710007,154.449997,154.690002,154.268631,25425600
MSFT,12/18/2019,154.300003,155.479996,154.179993,154.369995,153.949509,24129200
MSFT,12/19/2019,154,155.770004,153.75,155.710007,155.285858,24958900
MSFT,12/20/2019,157.350006,158.490005,156.289993,157.410004,156.981232,53477500
MSFT,12/23/2019,158.119995,158.119995,157.270004,157.410004,156.981232,17718200
MSFT,12/24/2019,157.479996,157.710007,157.119995,157.380005,156.951309,8989200
MSFT,12/26/2019,157.559998,158.729996,157.399994,158.669998,158.237793,14520600
MSFT,12/27/2019,159.449997,159.550003,158.220001,158.960007,158.527008,18412800
MSFT,12/30/2019,158.990005,159.020004,156.729996,157.589996,157.160736,16348400
MSFT,12/31/2019,156.770004,157.770004,156.449997,157.699997,157.270432,18369400
MSFT,1/2/2020,158.779999,160.729996,158.330002,160.619995,160.18248,22622100
MSFT,1/3/2020,158.320007,159.949997,158.059998,158.619995,158.187927,21116200
MSFT,1/6/2020,157.080002,159.100006,156.509995,159.029999,158.596817,20813700
MSFT,1/7/2020,159.320007,159.669998,157.320007,157.580002,157.150772,21634100
MSFT,1/8/2020,158.929993,160.800003,157.949997,160.089996,159.653915,27746500
MSFT,1/9/2020,161.839996,162.220001,161.029999,162.089996,161.648468,21385000
MSFT,1/10/2020,162.820007,163.220001,161.179993,161.339996,160.900513,20725900
MSFT,1/13/2020,161.759995,163.309998,161.259995,163.279999,162.835236,21626500
MSFT,1/14/2020,163.389999,163.600006,161.720001,162.130005,161.68837,23477400
MSFT,1/15/2020,162.619995,163.940002,162.570007,163.179993,162.735504,21417900
MSFT,1/16/2020,164.350006,166.240005,164.029999,166.169998,165.717361,23865400
MSFT,1/17/2020,167.419998,167.470001,165.429993,167.100006,166.644836,34371700
MSFT,1/21/2020,166.679993,168.190002,166.429993,166.5,166.046463,29517200
MSFT,1/22/2020,167.399994,167.490005,165.679993,165.699997,165.248642,24138800
MSFT,1/23/2020,166.190002,166.800003,165.270004,166.720001,166.265869,19680800
MSFT,1/24/2020,167.509995,167.529999,164.449997,165.039993,164.590439,24918100
MSFT,1/27/2020,161.149994,163.380005,160.199997,162.279999,161.837952,32078100
MSFT,1/28/2020,163.779999,165.759995,163.070007,165.460007,165.009308,24899900
MSFT,1/29/2020,167.839996,168.75,165.690002,168.039993,167.58226,34754500
MSFT,1/30/2020,174.050003,174.050003,170.789993,172.779999,172.309357,51597500
MSFT,1/31/2020,172.210007,172.399994,169.580002,170.229996,169.766296,36142700
MSFT,2/3/2020,170.429993,174.5,170.399994,174.380005,173.904999,30149100
MSFT,2/4/2020,177.139999,180.639999,176.309998,180.119995,179.629364,36433300
MSFT,2/5/2020,184.029999,184.199997,178.410004,179.899994,179.409958,39186300
MSFT,2/6/2020,180.970001,183.820007,180.059998,183.630005,183.129807,27751400
MSFT,2/7/2020,182.850006,185.630005,182.479996,183.889999,183.389099,33529100
MSFT,2/10/2020,183.580002,188.839996,183.25,188.699997,188.185989,35844300
MSFT,2/11/2020,190.649994,190.699997,183.5,184.440002,183.937607,53159900
MSFT,2/12/2020,185.580002,185.850006,181.850006,184.710007,184.206863,47062900
MSFT,2/13/2020,183.080002,186.229996,182.869995,183.710007,183.209595,35295800
MSFT,2/14/2020,183.25,185.410004,182.649994,185.350006,184.845123,23149500
MSFT,2/18/2020,185.610001,187.699997,185.5,187.229996,186.720001,27792200
MSFT,2/19/2020,188.059998,188.179993,186.470001,187.279999,187.279999,29997500
MSFT,2/20/2020,186.949997,187.25,181.100006,184.419998,184.419998,36862400
MSFT,2/21/2020,183.169998,183.5,177.25,178.589996,178.589996,48572600
MSFT,2/24/2020,167.770004,174.550003,163.229996,170.889999,170.889999,68311100
MSFT,2/25/2020,174.199997,174.839996,167.649994,168.070007,168.070007,68073300
MSFT,2/26/2020,169.710007,173.259995,168.210007,170.169998,170.169998,56206100
MSFT,2/27/2020,163.320007,167.029999,157.979996,158.179993,158.179993,93174900
MSFT,2/28/2020,152.410004,163.710007,152,162.009995,162.009995,97073600
MSFT,3/2/2020,165.309998,172.919998,162.309998,172.789993,172.789993,71030800
MSFT,3/3/2020,173.800003,175,162.259995,164.509995,164.509995,71677000
MSFT,3/4/2020,168.490005,170.699997,165.619995,170.550003,170.550003,49814400
MSFT,3/5/2020,166.050003,170.869995,165.690002,166.270004,166.270004,47817300
